pretrained,finetuned_high,finetuned_low
-2.6347353,-0.49958634,-0.5481819
-2.6295981,-0.4462262,-0.4544603
-2.6072392,-0.5335771,-0.55508244
-2.6325457,-0.53243643,-0.5688842
-2.6295817,-0.52925867,-0.574724
-2.6353607,-0.54247016,-0.53575236
-2.6194363,-0.51667696,-0.56781226
-2.6186762,-0.6052792,-0.6580294
-2.6274953,-0.6445193,-0.5850629
-2.6397321,-0.5581103,-0.5347793
-2.608743,-0.5245706,-0.52838826
-2.577533,-0.5254955,-0.58877766
-2.6218376,-0.5544763,-0.59501487
-2.6018438,-0.5498668,-0.5858242
-2.6207473,-0.5060551,-0.5365034
-2.6167748,-0.52536887,-0.5404063
-2.6328568,-0.55816007,-0.6088789
-2.599346,-0.45419234,-0.51314527
-2.6335964,-0.508559,-0.530376
-2.5857515,-0.49348402,-0.51733226
-2.6004412,-0.5805048,-0.5725737
-2.6349237,-0.5109582,-0.548507
-2.6178749,-0.60175264,-0.65735906
-2.6139507,-0.50681573,-0.55853987
-2.627694,-0.6154526,-0.6133642
-2.611225,-0.500321,-0.49491614
-2.6232772,-0.53269446,-0.5819969
-2.6288598,-0.47157183,-0.5635794
-2.58256,-0.48486033,-0.5068984
-2.6302774,-0.5185604,-0.53086644
-2.6523247,-0.512845,-0.60524386
-2.5794134,-0.44152826,-0.45492274
-2.632692,-0.5282486,-0.58035207
-2.6211715,-0.5659321,-0.5793111
-2.6120017,-0.5189727,-0.52694225
-2.5999117,-0.6305538,-0.7046071
-2.6429324,-0.54047763,-0.60329396
-2.6445556,-0.4911666,-0.4925336
-2.6055005,-0.54998773,-0.57473314
-2.593965,-0.54037386,-0.5069054
-2.6153188,-0.44326174,-0.48644397
-2.6073568,-0.548275,-0.571097
-2.6139987,-0.49443635,-0.47576228
-2.6029363,-0.51502573,-0.5560192
-2.6220903,-0.52994823,-0.5429684
-2.6431966,-0.49609396,-0.5234723
-2.61873,-0.48461488,-0.49984342
-2.5744662,-0.5745029,-0.6106551
-2.6521544,-0.46339908,-0.55514777
-2.6256151,-0.5425282,-0.54597694
-2.611044,-0.51765865,-0.560656
-2.6296775,-0.4874505,-0.5091304
-2.6252792,-0.5497285,-0.591362
-2.651289,-0.53022593,-0.59217155
-2.646667,-0.5707273,-0.58026785
-2.6135159,-0.5602458,-0.5973867
-2.662879,-0.56193656,-0.5429996
-2.643076,-0.5321894,-0.5834171
-2.642464,-0.59263396,-0.61281556
-2.6436248,-0.5838832,-0.614232
-2.620276,-0.49669662,-0.5234828
-2.645662,-0.55766857,-0.56827474
-2.6164927,-0.5690482,-0.5818809
-2.5939386,-0.5716872,-0.5674458
-2.6106513,-0.53299534,-0.54463506
-2.6144216,-0.57106125,-0.58746606
-2.6447537,-0.5664137,-0.6002272
-2.6298013,-0.50757337,-0.58416593
-2.6181011,-0.6281166,-0.6224527
-2.6327503,-0.5232863,-0.598895
-2.602129,-0.5490673,-0.6306914
-2.596735,-0.51017773,-0.599227
-2.6466777,-0.6652675,-0.6067097
-2.5937839,-0.5632827,-0.6073464
-2.616774,-0.5243732,-0.56211704
-2.60064,-0.5209884,-0.57730794
-2.6242878,-0.5847443,-0.6097174
-2.6304772,-0.51676863,-0.5408086
-2.6056964,-0.5496122,-0.6159275
-2.635583,-0.4996701,-0.57893765
-2.635584,-0.54263234,-0.57041544
-2.6278477,-0.54437417,-0.56487006
-2.6301558,-0.5914128,-0.58961797
-2.623867,-0.4452411,-0.4936352
-2.6186304,-0.50440735,-0.551151
-2.6352406,-0.49911097,-0.51919425
-2.6025984,-0.47141668,-0.51611793
-2.6197155,-0.51298696,-0.6052508
-2.5990024,-0.52561235,-0.52227914
-2.609507,-0.5104403,-0.5729701
-2.6671336,-0.57743925,-0.66380936
-2.6219332,-0.48717675,-0.5629325
-2.6227994,-0.5338401,-0.57507753
-2.6456654,-0.5093351,-0.5508331
-2.638067,-0.48905927,-0.54845333
-2.6060758,-0.5955155,-0.59077764
-2.5933802,-0.5525213,-0.5998937
-2.6441495,-0.5418402,-0.58809775
-2.6680012,-0.578441,-0.60225
-2.6171896,-0.5438401,-0.6107993
-2.6447132,-0.59068817,-0.6343304
-2.6270216,-0.53288543,-0.5567653
-2.6415603,-0.5123733,-0.57139957
-2.6221685,-0.57511824,-0.6421288
-2.6143532,-0.5173208,-0.56160325
-2.614719,-0.46517506,-0.48173466
-2.620904,-0.46911994,-0.4892304
-2.611152,-0.5874403,-0.5756558
-2.6170027,-0.583004,-0.6223478
-2.6265447,-0.5449644,-0.5405695
-2.6577418,-0.53968775,-0.56315607
-2.607152,-0.6458304,-0.68678427
-2.6255782,-0.5417819,-0.57935953
-2.631756,-0.54942304,-0.5462257
-2.624719,-0.56704086,-0.63045084
-2.6194558,-0.45388356,-0.4628999
-2.5990093,-0.5593626,-0.61272186
-2.578937,-0.5469839,-0.5868463
-2.6160443,-0.5651486,-0.56565315
-2.6710775,-0.5487949,-0.57195145
-2.6468506,-0.5186331,-0.5402507
-2.6205966,-0.50230956,-0.53956753
-2.6192605,-0.5575143,-0.5179964
-2.6100938,-0.4957774,-0.5170573
-2.669994,-0.5519247,-0.5738576
-2.6331081,-0.49927524,-0.54482776
-2.6446097,-0.564725,-0.6102612
-2.6225343,-0.46313265,-0.522973
-2.6526723,-0.5176123,-0.6124731
-2.603361,-0.5501435,-0.58206123
-2.651245,-0.5002787,-0.5535063
-2.625161,-0.5246069,-0.5436125
-2.644573,-0.5848003,-0.65715635
-2.6663837,-0.54533786,-0.5618601
-2.6241615,-0.4961769,-0.5464436
-2.6143613,-0.5498389,-0.60241264
-2.6279447,-0.5473873,-0.54240364
-2.6043131,-0.48403203,-0.51499116
-2.608278,-0.52185047,-0.5302073
-2.6317344,-0.59394014,-0.65766174
-2.6288395,-0.54532427,-0.59321225
-2.6653497,-0.65033215,-0.6705841
-2.609129,-0.539129,-0.5706853
-2.6401074,-0.522193,-0.523035
-2.614975,-0.5093501,-0.57797194
-2.585695,-0.5210024,-0.5740638
-2.6273038,-0.6269494,-0.6005355
-2.6433423,-0.5106261,-0.534134
-2.6189044,-0.56171197,-0.597451
-2.6089485,-0.47940388,-0.51122695
-2.5989552,-0.57416755,-0.5669335
-2.6299083,-0.4994621,-0.5549594
-2.5947142,-0.4507343,-0.4879888
-2.643193,-0.5567634,-0.5972752
-2.6086404,-0.48700547,-0.5457594
-2.6006134,-0.4575372,-0.4651456
-2.6231296,-0.4845237,-0.5324796
-2.6321926,-0.55072314,-0.5700687
-2.6165617,-0.48964635,-0.55411404
-2.6211631,-0.53711903,-0.55610776
-2.6186857,-0.61254764,-0.66001135
-2.6146119,-0.4998185,-0.5356044
-2.6036832,-0.56998193,-0.61772496
-2.639125,-0.59312785,-0.63726985
-2.6503408,-0.5199135,-0.57607317
-2.6313345,-0.5793664,-0.6147388
-2.6420505,-0.5056619,-0.53086364
-2.6248388,-0.59124714,-0.5873395
-2.615594,-0.51623076,-0.58814603
-2.661704,-0.5027351,-0.52005416
-2.6413422,-0.5916333,-0.5571877
-2.6031382,-0.4911343,-0.5445358
-2.5911095,-0.6525149,-0.7070576
-2.6536682,-0.50730544,-0.5737669
-2.634093,-0.57578325,-0.59083265
-2.6518788,-0.509198,-0.5065999
-2.5924125,-0.49810603,-0.5632833
-2.648239,-0.53322345,-0.5722563
-2.6249022,-0.52473897,-0.5517356
-2.6466258,-0.4693851,-0.5422726
-2.6390548,-0.5811296,-0.5912825
-2.6045537,-0.48799458,-0.4932291
-2.641268,-0.5078732,-0.5390651
-2.6066728,-0.46054593,-0.44683075
-2.646632,-0.5171391,-0.5623571
-2.6448436,-0.5325096,-0.53761524
-2.6141696,-0.4884804,-0.51966673
-2.6212926,-0.5742948,-0.6297077
-2.5999434,-0.54596055,-0.5909568
-2.6550126,-0.53133893,-0.56601876
-2.5942836,-0.5379792,-0.54898626
-2.5907798,-0.47906512,-0.5465751
-2.6382792,-0.54702336,-0.5622848
-2.605303,-0.50604683,-0.5948727
-2.580486,-0.54813254,-0.61952555
-2.622789,-0.6008122,-0.6833517
-2.6606033,-0.54619443,-0.5900323
-2.610936,-0.5217763,-0.53272676
-2.6372786,-0.47281206,-0.5068588
-2.6376188,-0.5120539,-0.5889467
-2.62424,-0.5363652,-0.5713518
-2.5848627,-0.548137,-0.61038023
-2.6327581,-0.5796071,-0.5676443
-2.5845208,-0.46195027,-0.5078358
-2.6433194,-0.56599796,-0.5943872
-2.6574786,-0.5602908,-0.5486934
-2.5991046,-0.4873806,-0.5374999
-2.633096,-0.5133106,-0.58340704
-2.6444645,-0.5055128,-0.55204856
-2.5983527,-0.56792885,-0.6278857
-2.6168182,-0.5659884,-0.5734858
-2.6452315,-0.5151065,-0.55384225
-2.597344,-0.4850619,-0.4953756
-2.6502903,-0.58327913,-0.6166474
-2.6148484,-0.51192445,-0.56050974
-2.598355,-0.47988102,-0.54039276
-2.5927715,-0.48862407,-0.4890969
-2.624201,-0.5558657,-0.59011996
-2.6155074,-0.5338241,-0.56351846
-2.6185906,-0.4983535,-0.50528705
-2.6261714,-0.48438182,-0.52637976
-2.6262662,-0.44908795,-0.49169347
-2.6437526,-0.5451499,-0.5693575
-2.632953,-0.48356,-0.53326774
-2.6411083,-0.6118041,-0.64898485
-2.6114013,-0.5120102,-0.5281753
-2.6101305,-0.5492436,-0.5730676
-2.627468,-0.5578881,-0.57833123
-2.617304,-0.5242075,-0.57153314
-2.5990283,-0.43966424,-0.49818638
-2.6348588,-0.53892744,-0.5443436
-2.6241283,-0.5352173,-0.5380125
-2.6028478,-0.5271343,-0.5363529
-2.6322916,-0.5160756,-0.5768822
-2.606872,-0.48187497,-0.48765936
-2.6158528,-0.5963784,-0.63638854
-2.5811157,-0.43405858,-0.45860475
-2.6059978,-0.5337904,-0.5460982
-2.6624033,-0.5563296,-0.60292274
-2.5996585,-0.5345915,-0.58603704
-2.6275632,-0.5342156,-0.59407115
-2.5772738,-0.5308546,-0.58074385
-2.6082182,-0.513701,-0.5717872
-2.6376693,-0.52835673,-0.5761854
-2.621199,-0.50741297,-0.5300781
-2.6076121,-0.5596013,-0.5777078
-2.628778,-0.49000105,-0.5024346
-2.6395552,-0.6098763,-0.66225237
-2.6301513,-0.4825997,-0.5132036
-2.6234097,-0.55490094,-0.58089113
-2.6206849,-0.5544266,-0.5584962
-2.6237857,-0.55579025,-0.5809951
-2.5918381,-0.5195809,-0.57837945
-2.614249,-0.4834313,-0.57747525
-2.5998113,-0.5626826,-0.6091636
-2.609846,-0.51352435,-0.5567633
-2.658314,-0.4872971,-0.52367246
-2.5592723,-0.6167356,-0.6592254
-2.605154,-0.4843917,-0.48226297
-2.5816667,-0.55028206,-0.5576468
-2.6810305,-0.49592376,-0.524278
-2.6978188,-0.63912755,-0.6287491
-2.6079056,-0.56397974,-0.5810194
-2.6261132,-0.5673895,-0.5650375
-2.6105554,-0.54159135,-0.59521866
-2.635674,-0.56087416,-0.5719321
-2.6053755,-0.43492472,-0.43129247
-2.6484363,-0.54936606,-0.585823
-2.6400967,-0.4558512,-0.50276166
-2.6467445,-0.5286337,-0.5655522
-2.6738687,-0.49188745,-0.54701334
-2.6388867,-0.51381534,-0.5239359
-2.6138556,-0.5901122,-0.61586076
-2.5896459,-0.5655916,-0.54837567
-2.6116338,-0.5637107,-0.6029725
-2.6506426,-0.6062712,-0.58302736
-2.6093957,-0.56822145,-0.6141092
-2.6114514,-0.531921,-0.620419
-2.6744661,-0.5471504,-0.59633154
-2.6155748,-0.55870086,-0.6089295
-2.5963104,-0.54184365,-0.60818094
-2.6254342,-0.5561412,-0.5758988
-2.6158907,-0.49539685,-0.5360324
-2.6303844,-0.5522248,-0.5959092
-2.614204,-0.49718797,-0.5111041
-2.6140158,-0.52621764,-0.5618001
-2.601657,-0.46593228,-0.5059957
-2.651291,-0.54442304,-0.59225774
-2.624166,-0.5467621,-0.56751716
-2.628787,-0.5451262,-0.5856271
-2.5924935,-0.56067264,-0.6437877
-2.603746,-0.55604154,-0.55232483
-2.6060069,-0.47693256,-0.4952784
-2.5983543,-0.460048,-0.526028
-2.594872,-0.44953245,-0.4841003
-2.6458101,-0.45260212,-0.512824
-2.6543212,-0.513451,-0.59182894
-2.650201,-0.50774896,-0.52109355
-2.6072693,-0.49303946,-0.51909673
-2.628145,-0.5528566,-0.54850715
-2.6391191,-0.66936886,-0.7186344
-2.625302,-0.53399867,-0.56201035
-2.6276023,-0.5190715,-0.56303126
-2.6313043,-0.54208845,-0.5774827
-2.6117795,-0.46989384,-0.5400537
-2.6429548,-0.53908515,-0.6077647
-2.6268873,-0.5727091,-0.60716754
-2.6020045,-0.49905825,-0.5697318
-2.6338477,-0.49902678,-0.5348417
-2.6255476,-0.529856,-0.54495823
-2.6209207,-0.5755564,-0.6519931
-2.6090527,-0.5590091,-0.57575583
-2.683653,-0.5667844,-0.57218903
-2.641924,-0.59547883,-0.64267844
-2.631016,-0.48106092,-0.5384756
-2.6068943,-0.50987035,-0.55970114
-2.638738,-0.438812,-0.5198197
-2.6344573,-0.48430398,-0.5078094
-2.6374295,-0.5017886,-0.5263444
-2.618853,-0.5561387,-0.5622519
-2.6453674,-0.46734408,-0.49157962
-2.6027954,-0.50089943,-0.5056402
-2.6023388,-0.27106783,-0.28188732
-2.6040554,-0.25307593,-0.27922854
-2.6114702,-0.25107262,-0.29000396
-2.6101525,-0.23230392,-0.25470662
-2.6076145,-0.26341066,-0.2843852
-2.6114366,-0.26412272,-0.2813503
-2.6154952,-0.24795143,-0.27021897
-2.611848,-0.26294902,-0.2806771
-2.5922108,-0.24811356,-0.30671465
-2.603177,-0.25264153,-0.27704987
-2.5912218,-0.25163192,-0.27896038
-2.6036654,-0.22033904,-0.25393027
-2.603815,-0.2508034,-0.29282185
-2.5965798,-0.25308445,-0.28392637
-2.5981574,-0.25583428,-0.28727916
-2.5969844,-0.23393577,-0.2644297
-2.610779,-0.25208363,-0.27677125
-2.6050487,-0.22625746,-0.2711118
-2.6121986,-0.2623784,-0.28002223
-2.6124074,-0.2686497,-0.28378412
-2.605457,-0.27953747,-0.29375985
-2.6070487,-0.24681546,-0.28331405
-2.601224,-0.22968015,-0.27424553
-2.6029797,-0.18711184,-0.22756867
-2.598219,-0.2117373,-0.25142115
-2.5992935,-0.26090467,-0.27777624
-2.6007574,-0.26623133,-0.29653558
-2.5977874,-0.23760657,-0.26576978
-2.597532,-0.24381912,-0.29062617
-2.6142695,-0.2375956,-0.2770258
-2.6054258,-0.2268839,-0.26137263
-2.6022334,-0.24443449,-0.29007226
-2.5991,-0.2527781,-0.2967734
-2.6035576,-0.24647872,-0.28941366
-2.610272,-0.25754192,-0.3050156
-2.602025,-0.2454228,-0.27859312
-2.6203735,-0.25449643,-0.30387166
-2.6248252,-0.25653124,-0.3035034
-2.6262124,-0.25941423,-0.3051998
-2.6099365,-0.25615454,-0.30206382
-2.611219,-0.2505563,-0.30021453
-2.6069503,-0.24115221,-0.27968347
-2.6039703,-0.21148896,-0.24782251
-2.603393,-0.22076468,-0.26458484
-2.5973237,-0.21230732,-0.26323628
-2.6081007,-0.24125332,-0.28751832
-2.6057556,-0.251266,-0.2937303
-2.602173,-0.23062523,-0.27459383
-2.6101995,-0.24075381,-0.2936766
-2.6116447,-0.24102631,-0.2887884
-2.6012757,-0.24655755,-0.3014968
-2.595286,-0.25501513,-0.30393136
-2.6076016,-0.22666539,-0.26971486
-2.611492,-0.2516058,-0.30136982
-2.6048036,-0.23682187,-0.28224316
-2.6143847,-0.24064049,-0.29228172
-2.604834,-0.23777103,-0.29223943
-2.6117866,-0.23359771,-0.28279144
-2.612014,-0.22800733,-0.2732016
-2.612813,-0.26909694,-0.3188275
